statement_id,statement_text,party,stance_value
t01,De hypotheekrenteaftrekIcon moet worden afgeschaft.,GroenLinks-PvdA,1
t01,De hypotheekrenteaftrekIcon moet worden afgeschaft.,D66,1
t01,De hypotheekrenteaftrekIcon moet worden afgeschaft.,CDA,1
t01,De hypotheekrenteaftrekIcon moet worden afgeschaft.,SP,1
t01,De hypotheekrenteaftrekIcon moet worden afgeschaft.,Partij voor de Dieren,1
t01,De hypotheekrenteaftrekIcon moet worden afgeschaft.,ChristenUnie,1
t01,De hypotheekrenteaftrekIcon moet worden afgeschaft.,Volt,1
t01,De hypotheekrenteaftrekIcon moet worden afgeschaft.,BIJ1,1
t01,De hypotheekrenteaftrekIcon moet worden afgeschaft.,Piratenpartij,1
t01,De hypotheekrenteaftrekIcon moet worden afgeschaft.,Vrij Verbond,1
t01,De hypotheekrenteaftrekIcon moet worden afgeschaft.,PVV,-1
t01,De hypotheekrenteaftrekIcon moet worden afgeschaft.,VVD,-1
t01,De hypotheekrenteaftrekIcon moet worden afgeschaft.,NSC,-1
t01,De hypotheekrenteaftrekIcon moet worden afgeschaft.,BBB,-1
t01,De hypotheekrenteaftrekIcon moet worden afgeschaft.,DENK,-1
t01,De hypotheekrenteaftrekIcon moet worden afgeschaft.,FvD,-1
t01,De hypotheekrenteaftrekIcon moet worden afgeschaft.,SGP,-1
t01,De hypotheekrenteaftrekIcon moet worden afgeschaft.,JA21,-1
t01,De hypotheekrenteaftrekIcon moet worden afgeschaft.,Vrede voor Dieren,-1
t01,De hypotheekrenteaftrekIcon moet worden afgeschaft.,BVNL,-1
t01,De hypotheekrenteaftrekIcon moet worden afgeschaft.,Libertaire Partij,-1
t01,De hypotheekrenteaftrekIcon moet worden afgeschaft.,50PLUS,-1
t01,De hypotheekrenteaftrekIcon moet worden afgeschaft.,FNP,-1
t01,De hypotheekrenteaftrekIcon moet worden afgeschaft.,De Linie,-1
t02,De politie moet bijhouden wie aanwezig is bij een demonstratie die door de burgemeester is verboden.,PVV,1
t02,De politie moet bijhouden wie aanwezig is bij een demonstratie die door de burgemeester is verboden.,VVD,1
t02,De politie moet bijhouden wie aanwezig is bij een demonstratie die door de burgemeester is verboden.,CDA,1
t02,De politie moet bijhouden wie aanwezig is bij een demonstratie die door de burgemeester is verboden.,SGP,1
t02,De politie moet bijhouden wie aanwezig is bij een demonstratie die door de burgemeester is verboden.,ChristenUnie,1
t02,De politie moet bijhouden wie aanwezig is bij een demonstratie die door de burgemeester is verboden.,JA21,1
t02,De politie moet bijhouden wie aanwezig is bij een demonstratie die door de burgemeester is verboden.,50PLUS,1
t02,De politie moet bijhouden wie aanwezig is bij een demonstratie die door de burgemeester is verboden.,FNP,1
t02,De politie moet bijhouden wie aanwezig is bij een demonstratie die door de burgemeester is verboden.,GroenLinks-PvdA,-1
t02,De politie moet bijhouden wie aanwezig is bij een demonstratie die door de burgemeester is verboden.,NSC,-1
t02,De politie moet bijhouden wie aanwezig is bij een demonstratie die door de burgemeester is verboden.,D66,-1
t02,De politie moet bijhouden wie aanwezig is bij een demonstratie die door de burgemeester is verboden.,BBB,-1
t02,De politie moet bijhouden wie aanwezig is bij een demonstratie die door de burgemeester is verboden.,SP,-1
t02,De politie moet bijhouden wie aanwezig is bij een demonstratie die door de burgemeester is verboden.,DENK,-1
t02,De politie moet bijhouden wie aanwezig is bij een demonstratie die door de burgemeester is verboden.,Partij voor de Dieren,-1
t02,De politie moet bijhouden wie aanwezig is bij een demonstratie die door de burgemeester is verboden.,FvD,-1
t02,De politie moet bijhouden wie aanwezig is bij een demonstratie die door de burgemeester is verboden.,Volt,-1
t02,De politie moet bijhouden wie aanwezig is bij een demonstratie die door de burgemeester is verboden.,Vrede voor Dieren,-1
t02,De politie moet bijhouden wie aanwezig is bij een demonstratie die door de burgemeester is verboden.,BVNL,-1
t02,De politie moet bijhouden wie aanwezig is bij een demonstratie die door de burgemeester is verboden.,BIJ1,-1
t02,De politie moet bijhouden wie aanwezig is bij een demonstratie die door de burgemeester is verboden.,Libertaire Partij,-1
t02,De politie moet bijhouden wie aanwezig is bij een demonstratie die door de burgemeester is verboden.,Piratenpartij,-1
t02,De politie moet bijhouden wie aanwezig is bij een demonstratie die door de burgemeester is verboden.,Vrij Verbond,-1
t02,De politie moet bijhouden wie aanwezig is bij een demonstratie die door de burgemeester is verboden.,De Linie,-1
t03,Het minimumloonIcon voor volwassenen moet gelden vanaf 18 jaar. Dat is nu nog 21 jaar.,PVV,1
t03,Het minimumloonIcon voor volwassenen moet gelden vanaf 18 jaar. Dat is nu nog 21 jaar.,GroenLinks-PvdA,1
t03,Het minimumloonIcon voor volwassenen moet gelden vanaf 18 jaar. Dat is nu nog 21 jaar.,NSC,1
t03,Het minimumloonIcon voor volwassenen moet gelden vanaf 18 jaar. Dat is nu nog 21 jaar.,D66,1
t03,Het minimumloonIcon voor volwassenen moet gelden vanaf 18 jaar. Dat is nu nog 21 jaar.,BBB,1
t03,Het minimumloonIcon voor volwassenen moet gelden vanaf 18 jaar. Dat is nu nog 21 jaar.,SP,1
t03,Het minimumloonIcon voor volwassenen moet gelden vanaf 18 jaar. Dat is nu nog 21 jaar.,DENK,1
t03,Het minimumloonIcon voor volwassenen moet gelden vanaf 18 jaar. Dat is nu nog 21 jaar.,Partij voor de Dieren,1
t03,Het minimumloonIcon voor volwassenen moet gelden vanaf 18 jaar. Dat is nu nog 21 jaar.,ChristenUnie,1
t03,Het minimumloonIcon voor volwassenen moet gelden vanaf 18 jaar. Dat is nu nog 21 jaar.,Volt,1
t03,Het minimumloonIcon voor volwassenen moet gelden vanaf 18 jaar. Dat is nu nog 21 jaar.,Vrede voor Dieren,1
t03,Het minimumloonIcon voor volwassenen moet gelden vanaf 18 jaar. Dat is nu nog 21 jaar.,BVNL,1
t03,Het minimumloonIcon voor volwassenen moet gelden vanaf 18 jaar. Dat is nu nog 21 jaar.,BIJ1,1
t03,Het minimumloonIcon voor volwassenen moet gelden vanaf 18 jaar. Dat is nu nog 21 jaar.,50PLUS,1
t03,Het minimumloonIcon voor volwassenen moet gelden vanaf 18 jaar. Dat is nu nog 21 jaar.,Piratenpartij,1
t03,Het minimumloonIcon voor volwassenen moet gelden vanaf 18 jaar. Dat is nu nog 21 jaar.,FNP,1
t03,Het minimumloonIcon voor volwassenen moet gelden vanaf 18 jaar. Dat is nu nog 21 jaar.,VVD,-1
t03,Het minimumloonIcon voor volwassenen moet gelden vanaf 18 jaar. Dat is nu nog 21 jaar.,CDA,-1
t03,Het minimumloonIcon voor volwassenen moet gelden vanaf 18 jaar. Dat is nu nog 21 jaar.,FvD,-1
t03,Het minimumloonIcon voor volwassenen moet gelden vanaf 18 jaar. Dat is nu nog 21 jaar.,SGP,-1
t03,Het minimumloonIcon voor volwassenen moet gelden vanaf 18 jaar. Dat is nu nog 21 jaar.,JA21,-1
t03,Het minimumloonIcon voor volwassenen moet gelden vanaf 18 jaar. Dat is nu nog 21 jaar.,Libertaire Partij,-1
t03,Het minimumloonIcon voor volwassenen moet gelden vanaf 18 jaar. Dat is nu nog 21 jaar.,Vrij Verbond,-1
t03,Het minimumloonIcon voor volwassenen moet gelden vanaf 18 jaar. Dat is nu nog 21 jaar.,De Linie,-1
t04,Lelystad Airport moet open voor commerciële luchtvaartIcon.,PVV,1
t04,Lelystad Airport moet open voor commerciële luchtvaartIcon.,VVD,1
t04,Lelystad Airport moet open voor commerciële luchtvaartIcon.,DENK,1
t04,Lelystad Airport moet open voor commerciële luchtvaartIcon.,FvD,1
t04,Lelystad Airport moet open voor commerciële luchtvaartIcon.,JA21,1
t04,Lelystad Airport moet open voor commerciële luchtvaartIcon.,BVNL,1
t04,Lelystad Airport moet open voor commerciële luchtvaartIcon.,Libertaire Partij,1
t04,Lelystad Airport moet open voor commerciële luchtvaartIcon.,Vrij Verbond,1
t04,Lelystad Airport moet open voor commerciële luchtvaartIcon.,De Linie,1
t04,Lelystad Airport moet open voor commerciële luchtvaartIcon.,SGP,0
t04,Lelystad Airport moet open voor commerciële luchtvaartIcon.,GroenLinks-PvdA,-1
t04,Lelystad Airport moet open voor commerciële luchtvaartIcon.,NSC,-1
t04,Lelystad Airport moet open voor commerciële luchtvaartIcon.,D66,-1
t04,Lelystad Airport moet open voor commerciële luchtvaartIcon.,BBB,-1
t04,Lelystad Airport moet open voor commerciële luchtvaartIcon.,CDA,-1
t04,Lelystad Airport moet open voor commerciële luchtvaartIcon.,SP,-1
t04,Lelystad Airport moet open voor commerciële luchtvaartIcon.,Partij voor de Dieren,-1
t04,Lelystad Airport moet open voor commerciële luchtvaartIcon.,ChristenUnie,-1
t04,Lelystad Airport moet open voor commerciële luchtvaartIcon.,Volt,-1
t04,Lelystad Airport moet open voor commerciële luchtvaartIcon.,Vrede voor Dieren,-1
t04,Lelystad Airport moet open voor commerciële luchtvaartIcon.,BIJ1,-1
t04,Lelystad Airport moet open voor commerciële luchtvaartIcon.,50PLUS,-1
t04,Lelystad Airport moet open voor commerciële luchtvaartIcon.,Piratenpartij,-1
t04,Lelystad Airport moet open voor commerciële luchtvaartIcon.,FNP,-1
t05,Gemeenten moeten zelf kunnen bepalen of ze statushoudersIcon voorrang geven op een sociale huurwoning.,GroenLinks-PvdA,1
t05,Gemeenten moeten zelf kunnen bepalen of ze statushoudersIcon voorrang geven op een sociale huurwoning.,D66,1
t05,Gemeenten moeten zelf kunnen bepalen of ze statushoudersIcon voorrang geven op een sociale huurwoning.,CDA,1
t05,Gemeenten moeten zelf kunnen bepalen of ze statushoudersIcon voorrang geven op een sociale huurwoning.,SP,1
t05,Gemeenten moeten zelf kunnen bepalen of ze statushoudersIcon voorrang geven op een sociale huurwoning.,SGP,1
t05,Gemeenten moeten zelf kunnen bepalen of ze statushoudersIcon voorrang geven op een sociale huurwoning.,ChristenUnie,1
t05,Gemeenten moeten zelf kunnen bepalen of ze statushoudersIcon voorrang geven op een sociale huurwoning.,Volt,1
t05,Gemeenten moeten zelf kunnen bepalen of ze statushoudersIcon voorrang geven op een sociale huurwoning.,Vrede voor Dieren,1
t05,Gemeenten moeten zelf kunnen bepalen of ze statushoudersIcon voorrang geven op een sociale huurwoning.,Libertaire Partij,1
t05,Gemeenten moeten zelf kunnen bepalen of ze statushoudersIcon voorrang geven op een sociale huurwoning.,FNP,1
t05,Gemeenten moeten zelf kunnen bepalen of ze statushoudersIcon voorrang geven op een sociale huurwoning.,PVV,-1
t05,Gemeenten moeten zelf kunnen bepalen of ze statushoudersIcon voorrang geven op een sociale huurwoning.,VVD,-1
t05,Gemeenten moeten zelf kunnen bepalen of ze statushoudersIcon voorrang geven op een sociale huurwoning.,NSC,-1
t05,Gemeenten moeten zelf kunnen bepalen of ze statushoudersIcon voorrang geven op een sociale huurwoning.,BBB,-1
t05,Gemeenten moeten zelf kunnen bepalen of ze statushoudersIcon voorrang geven op een sociale huurwoning.,DENK,-1
t05,Gemeenten moeten zelf kunnen bepalen of ze statushoudersIcon voorrang geven op een sociale huurwoning.,Partij voor de Dieren,-1
t05,Gemeenten moeten zelf kunnen bepalen of ze statushoudersIcon voorrang geven op een sociale huurwoning.,FvD,-1
t05,Gemeenten moeten zelf kunnen bepalen of ze statushoudersIcon voorrang geven op een sociale huurwoning.,JA21,-1
t05,Gemeenten moeten zelf kunnen bepalen of ze statushoudersIcon voorrang geven op een sociale huurwoning.,BVNL,-1
t05,Gemeenten moeten zelf kunnen bepalen of ze statushoudersIcon voorrang geven op een sociale huurwoning.,BIJ1,-1
t05,Gemeenten moeten zelf kunnen bepalen of ze statushoudersIcon voorrang geven op een sociale huurwoning.,50PLUS,-1
t05,Gemeenten moeten zelf kunnen bepalen of ze statushoudersIcon voorrang geven op een sociale huurwoning.,Piratenpartij,-1
t05,Gemeenten moeten zelf kunnen bepalen of ze statushoudersIcon voorrang geven op een sociale huurwoning.,Vrij Verbond,-1
t05,Gemeenten moeten zelf kunnen bepalen of ze statushoudersIcon voorrang geven op een sociale huurwoning.,De Linie,-1
t06,De regering moet een leeftijdsgrens van 15 jaar instellen voor sociale mediaIcon.,GroenLinks-PvdA,1
t06,De regering moet een leeftijdsgrens van 15 jaar instellen voor sociale mediaIcon.,VVD,1
t06,De regering moet een leeftijdsgrens van 15 jaar instellen voor sociale mediaIcon.,NSC,1
t06,De regering moet een leeftijdsgrens van 15 jaar instellen voor sociale mediaIcon.,D66,1
t06,De regering moet een leeftijdsgrens van 15 jaar instellen voor sociale mediaIcon.,BBB,1
t06,De regering moet een leeftijdsgrens van 15 jaar instellen voor sociale mediaIcon.,CDA,1
t06,De regering moet een leeftijdsgrens van 15 jaar instellen voor sociale mediaIcon.,SP,1
t06,De regering moet een leeftijdsgrens van 15 jaar instellen voor sociale mediaIcon.,DENK,1
t06,De regering moet een leeftijdsgrens van 15 jaar instellen voor sociale mediaIcon.,Partij voor de Dieren,1
t06,De regering moet een leeftijdsgrens van 15 jaar instellen voor sociale mediaIcon.,SGP,1
t06,De regering moet een leeftijdsgrens van 15 jaar instellen voor sociale mediaIcon.,ChristenUnie,1
t06,De regering moet een leeftijdsgrens van 15 jaar instellen voor sociale mediaIcon.,Volt,1
t06,De regering moet een leeftijdsgrens van 15 jaar instellen voor sociale mediaIcon.,JA21,1
t06,De regering moet een leeftijdsgrens van 15 jaar instellen voor sociale mediaIcon.,Vrede voor Dieren,1
t06,De regering moet een leeftijdsgrens van 15 jaar instellen voor sociale mediaIcon.,50PLUS,1
t06,De regering moet een leeftijdsgrens van 15 jaar instellen voor sociale mediaIcon.,FNP,1
t06,De regering moet een leeftijdsgrens van 15 jaar instellen voor sociale mediaIcon.,PVV,-1
t06,De regering moet een leeftijdsgrens van 15 jaar instellen voor sociale mediaIcon.,FvD,-1
t06,De regering moet een leeftijdsgrens van 15 jaar instellen voor sociale mediaIcon.,BVNL,-1
t06,De regering moet een leeftijdsgrens van 15 jaar instellen voor sociale mediaIcon.,BIJ1,-1
t06,De regering moet een leeftijdsgrens van 15 jaar instellen voor sociale mediaIcon.,Libertaire Partij,-1
t06,De regering moet een leeftijdsgrens van 15 jaar instellen voor sociale mediaIcon.,Piratenpartij,-1
t06,De regering moet een leeftijdsgrens van 15 jaar instellen voor sociale mediaIcon.,Vrij Verbond,-1
t06,De regering moet een leeftijdsgrens van 15 jaar instellen voor sociale mediaIcon.,De Linie,-1
t07,Nederland moet meer geld uitgeven aan ontwikkelingshulpIcon.,GroenLinks-PvdA,1
t07,Nederland moet meer geld uitgeven aan ontwikkelingshulpIcon.,NSC,1
t07,Nederland moet meer geld uitgeven aan ontwikkelingshulpIcon.,D66,1
t07,Nederland moet meer geld uitgeven aan ontwikkelingshulpIcon.,CDA,1
t07,Nederland moet meer geld uitgeven aan ontwikkelingshulpIcon.,SP,1
t07,Nederland moet meer geld uitgeven aan ontwikkelingshulpIcon.,DENK,1
t07,Nederland moet meer geld uitgeven aan ontwikkelingshulpIcon.,Partij voor de Dieren,1
t07,Nederland moet meer geld uitgeven aan ontwikkelingshulpIcon.,SGP,1
t07,Nederland moet meer geld uitgeven aan ontwikkelingshulpIcon.,ChristenUnie,1
t07,Nederland moet meer geld uitgeven aan ontwikkelingshulpIcon.,Volt,1
t07,Nederland moet meer geld uitgeven aan ontwikkelingshulpIcon.,Vrede voor Dieren,1
t07,Nederland moet meer geld uitgeven aan ontwikkelingshulpIcon.,BIJ1,1
t07,Nederland moet meer geld uitgeven aan ontwikkelingshulpIcon.,FNP,1
t07,Nederland moet meer geld uitgeven aan ontwikkelingshulpIcon.,PVV,-1
t07,Nederland moet meer geld uitgeven aan ontwikkelingshulpIcon.,VVD,-1
t07,Nederland moet meer geld uitgeven aan ontwikkelingshulpIcon.,BBB,-1
t07,Nederland moet meer geld uitgeven aan ontwikkelingshulpIcon.,FvD,-1
t07,Nederland moet meer geld uitgeven aan ontwikkelingshulpIcon.,JA21,-1
t07,Nederland moet meer geld uitgeven aan ontwikkelingshulpIcon.,BVNL,-1
t07,Nederland moet meer geld uitgeven aan ontwikkelingshulpIcon.,Libertaire Partij,-1
t07,Nederland moet meer geld uitgeven aan ontwikkelingshulpIcon.,50PLUS,-1
t07,Nederland moet meer geld uitgeven aan ontwikkelingshulpIcon.,Piratenpartij,-1
t07,Nederland moet meer geld uitgeven aan ontwikkelingshulpIcon.,Vrij Verbond,-1
t07,Nederland moet meer geld uitgeven aan ontwikkelingshulpIcon.,De Linie,-1
t08,"De overheid moet strenger controleren wat jongeren leren bij kerken, moskeeën en andere organisaties die lesgeven op basis van levensbeschouwing.",PVV,1
t08,"De overheid moet strenger controleren wat jongeren leren bij kerken, moskeeën en andere organisaties die lesgeven op basis van levensbeschouwing.",GroenLinks-PvdA,1
t08,"De overheid moet strenger controleren wat jongeren leren bij kerken, moskeeën en andere organisaties die lesgeven op basis van levensbeschouwing.",VVD,1
t08,"De overheid moet strenger controleren wat jongeren leren bij kerken, moskeeën en andere organisaties die lesgeven op basis van levensbeschouwing.",NSC,1
t08,"De overheid moet strenger controleren wat jongeren leren bij kerken, moskeeën en andere organisaties die lesgeven op basis van levensbeschouwing.",D66,1
t08,"De overheid moet strenger controleren wat jongeren leren bij kerken, moskeeën en andere organisaties die lesgeven op basis van levensbeschouwing.",BBB,1
t08,"De overheid moet strenger controleren wat jongeren leren bij kerken, moskeeën en andere organisaties die lesgeven op basis van levensbeschouwing.",SP,1
t08,"De overheid moet strenger controleren wat jongeren leren bij kerken, moskeeën en andere organisaties die lesgeven op basis van levensbeschouwing.",Partij voor de Dieren,1
t08,"De overheid moet strenger controleren wat jongeren leren bij kerken, moskeeën en andere organisaties die lesgeven op basis van levensbeschouwing.",JA21,1
t08,"De overheid moet strenger controleren wat jongeren leren bij kerken, moskeeën en andere organisaties die lesgeven op basis van levensbeschouwing.",BVNL,1
t08,"De overheid moet strenger controleren wat jongeren leren bij kerken, moskeeën en andere organisaties die lesgeven op basis van levensbeschouwing.",50PLUS,1
t08,"De overheid moet strenger controleren wat jongeren leren bij kerken, moskeeën en andere organisaties die lesgeven op basis van levensbeschouwing.",CDA,-1
t08,"De overheid moet strenger controleren wat jongeren leren bij kerken, moskeeën en andere organisaties die lesgeven op basis van levensbeschouwing.",DENK,-1
t08,"De overheid moet strenger controleren wat jongeren leren bij kerken, moskeeën en andere organisaties die lesgeven op basis van levensbeschouwing.",FvD,-1
t08,"De overheid moet strenger controleren wat jongeren leren bij kerken, moskeeën en andere organisaties die lesgeven op basis van levensbeschouwing.",SGP,-1
t08,"De overheid moet strenger controleren wat jongeren leren bij kerken, moskeeën en andere organisaties die lesgeven op basis van levensbeschouwing.",ChristenUnie,-1
t08,"De overheid moet strenger controleren wat jongeren leren bij kerken, moskeeën en andere organisaties die lesgeven op basis van levensbeschouwing.",Volt,-1
t08,"De overheid moet strenger controleren wat jongeren leren bij kerken, moskeeën en andere organisaties die lesgeven op basis van levensbeschouwing.",Vrede voor Dieren,-1
t08,"De overheid moet strenger controleren wat jongeren leren bij kerken, moskeeën en andere organisaties die lesgeven op basis van levensbeschouwing.",BIJ1,-1
t08,"De overheid moet strenger controleren wat jongeren leren bij kerken, moskeeën en andere organisaties die lesgeven op basis van levensbeschouwing.",Libertaire Partij,-1
t08,"De overheid moet strenger controleren wat jongeren leren bij kerken, moskeeën en andere organisaties die lesgeven op basis van levensbeschouwing.",Piratenpartij,-1
t08,"De overheid moet strenger controleren wat jongeren leren bij kerken, moskeeën en andere organisaties die lesgeven op basis van levensbeschouwing.",FNP,-1
t08,"De overheid moet strenger controleren wat jongeren leren bij kerken, moskeeën en andere organisaties die lesgeven op basis van levensbeschouwing.",Vrij Verbond,-1
t08,"De overheid moet strenger controleren wat jongeren leren bij kerken, moskeeën en andere organisaties die lesgeven op basis van levensbeschouwing.",De Linie,-1
t09,Huishoudens met een hoog inkomen moeten minder kinderbijslag krijgen.,PVV,1
t09,Huishoudens met een hoog inkomen moeten minder kinderbijslag krijgen.,GroenLinks-PvdA,1
t09,Huishoudens met een hoog inkomen moeten minder kinderbijslag krijgen.,NSC,1
t09,Huishoudens met een hoog inkomen moeten minder kinderbijslag krijgen.,D66,1
t09,Huishoudens met een hoog inkomen moeten minder kinderbijslag krijgen.,Partij voor de Dieren,1
t09,Huishoudens met een hoog inkomen moeten minder kinderbijslag krijgen.,Vrede voor Dieren,1
t09,Huishoudens met een hoog inkomen moeten minder kinderbijslag krijgen.,Piratenpartij,1
t09,Huishoudens met een hoog inkomen moeten minder kinderbijslag krijgen.,Vrij Verbond,1
t09,Huishoudens met een hoog inkomen moeten minder kinderbijslag krijgen.,VVD,-1
t09,Huishoudens met een hoog inkomen moeten minder kinderbijslag krijgen.,BBB,-1
t09,Huishoudens met een hoog inkomen moeten minder kinderbijslag krijgen.,CDA,-1
t09,Huishoudens met een hoog inkomen moeten minder kinderbijslag krijgen.,SP,-1
t09,Huishoudens met een hoog inkomen moeten minder kinderbijslag krijgen.,DENK,-1
t09,Huishoudens met een hoog inkomen moeten minder kinderbijslag krijgen.,FvD,-1
t09,Huishoudens met een hoog inkomen moeten minder kinderbijslag krijgen.,SGP,-1
t09,Huishoudens met een hoog inkomen moeten minder kinderbijslag krijgen.,ChristenUnie,-1
t09,Huishoudens met een hoog inkomen moeten minder kinderbijslag krijgen.,Volt,-1
t09,Huishoudens met een hoog inkomen moeten minder kinderbijslag krijgen.,JA21,-1
t09,Huishoudens met een hoog inkomen moeten minder kinderbijslag krijgen.,BVNL,-1
t09,Huishoudens met een hoog inkomen moeten minder kinderbijslag krijgen.,BIJ1,-1
t09,Huishoudens met een hoog inkomen moeten minder kinderbijslag krijgen.,Libertaire Partij,-1
t09,Huishoudens met een hoog inkomen moeten minder kinderbijslag krijgen.,50PLUS,-1
t09,Huishoudens met een hoog inkomen moeten minder kinderbijslag krijgen.,FNP,-1
t09,Huishoudens met een hoog inkomen moeten minder kinderbijslag krijgen.,De Linie,-1
t10,Er moet minder geld naar de publieke omroepIcon.,PVV,1
t10,Er moet minder geld naar de publieke omroepIcon.,VVD,1
t10,Er moet minder geld naar de publieke omroepIcon.,BBB,1
t10,Er moet minder geld naar de publieke omroepIcon.,FvD,1
t10,Er moet minder geld naar de publieke omroepIcon.,SGP,1
t10,Er moet minder geld naar de publieke omroepIcon.,JA21,1
t10,Er moet minder geld naar de publieke omroepIcon.,BVNL,1
t10,Er moet minder geld naar de publieke omroepIcon.,Libertaire Partij,1
t10,Er moet minder geld naar de publieke omroepIcon.,Vrij Verbond,1
t10,Er moet minder geld naar de publieke omroepIcon.,De Linie,1
t10,Er moet minder geld naar de publieke omroepIcon.,GroenLinks-PvdA,-1
t10,Er moet minder geld naar de publieke omroepIcon.,NSC,-1
t10,Er moet minder geld naar de publieke omroepIcon.,D66,-1
t10,Er moet minder geld naar de publieke omroepIcon.,CDA,-1
t10,Er moet minder geld naar de publieke omroepIcon.,SP,-1
t10,Er moet minder geld naar de publieke omroepIcon.,DENK,-1
t10,Er moet minder geld naar de publieke omroepIcon.,Partij voor de Dieren,-1
t10,Er moet minder geld naar de publieke omroepIcon.,ChristenUnie,-1
t10,Er moet minder geld naar de publieke omroepIcon.,Volt,-1
t10,Er moet minder geld naar de publieke omroepIcon.,Vrede voor Dieren,-1
t10,Er moet minder geld naar de publieke omroepIcon.,BIJ1,-1
t10,Er moet minder geld naar de publieke omroepIcon.,50PLUS,-1
t10,Er moet minder geld naar de publieke omroepIcon.,Piratenpartij,-1
t10,Er moet minder geld naar de publieke omroepIcon.,FNP,-1
t11,Nederland moet de Palestijnse staat zo snel mogelijk erkennen.,GroenLinks-PvdA,1
t11,Nederland moet de Palestijnse staat zo snel mogelijk erkennen.,D66,1
t11,Nederland moet de Palestijnse staat zo snel mogelijk erkennen.,SP,1
t11,Nederland moet de Palestijnse staat zo snel mogelijk erkennen.,DENK,1
t11,Nederland moet de Palestijnse staat zo snel mogelijk erkennen.,Partij voor de Dieren,1
t11,Nederland moet de Palestijnse staat zo snel mogelijk erkennen.,FvD,1
t11,Nederland moet de Palestijnse staat zo snel mogelijk erkennen.,Volt,1
t11,Nederland moet de Palestijnse staat zo snel mogelijk erkennen.,Vrede voor Dieren,1
t11,Nederland moet de Palestijnse staat zo snel mogelijk erkennen.,BIJ1,1
t11,Nederland moet de Palestijnse staat zo snel mogelijk erkennen.,Piratenpartij,1
t11,Nederland moet de Palestijnse staat zo snel mogelijk erkennen.,PVV,-1
t11,Nederland moet de Palestijnse staat zo snel mogelijk erkennen.,VVD,-1
t11,Nederland moet de Palestijnse staat zo snel mogelijk erkennen.,NSC,-1
t11,Nederland moet de Palestijnse staat zo snel mogelijk erkennen.,BBB,-1
t11,Nederland moet de Palestijnse staat zo snel mogelijk erkennen.,CDA,-1
t11,Nederland moet de Palestijnse staat zo snel mogelijk erkennen.,SGP,-1
t11,Nederland moet de Palestijnse staat zo snel mogelijk erkennen.,ChristenUnie,-1
t11,Nederland moet de Palestijnse staat zo snel mogelijk erkennen.,JA21,-1
t11,Nederland moet de Palestijnse staat zo snel mogelijk erkennen.,BVNL,-1
t11,Nederland moet de Palestijnse staat zo snel mogelijk erkennen.,Libertaire Partij,-1
t11,Nederland moet de Palestijnse staat zo snel mogelijk erkennen.,50PLUS,-1
t11,Nederland moet de Palestijnse staat zo snel mogelijk erkennen.,FNP,-1
t11,Nederland moet de Palestijnse staat zo snel mogelijk erkennen.,Vrij Verbond,-1
t11,Nederland moet de Palestijnse staat zo snel mogelijk erkennen.,De Linie,-1
t12,"Voor het eenmalig gebruik van plastic, zoals bekers en eetbakjes, betaal je extra. Die heffing moet verdwijnen.",PVV,1
t12,"Voor het eenmalig gebruik van plastic, zoals bekers en eetbakjes, betaal je extra. Die heffing moet verdwijnen.",VVD,1
t12,"Voor het eenmalig gebruik van plastic, zoals bekers en eetbakjes, betaal je extra. Die heffing moet verdwijnen.",NSC,1
t12,"Voor het eenmalig gebruik van plastic, zoals bekers en eetbakjes, betaal je extra. Die heffing moet verdwijnen.",D66,1
t12,"Voor het eenmalig gebruik van plastic, zoals bekers en eetbakjes, betaal je extra. Die heffing moet verdwijnen.",BBB,1
t12,"Voor het eenmalig gebruik van plastic, zoals bekers en eetbakjes, betaal je extra. Die heffing moet verdwijnen.",CDA,1
t12,"Voor het eenmalig gebruik van plastic, zoals bekers en eetbakjes, betaal je extra. Die heffing moet verdwijnen.",SP,1
t12,"Voor het eenmalig gebruik van plastic, zoals bekers en eetbakjes, betaal je extra. Die heffing moet verdwijnen.",DENK,1
t12,"Voor het eenmalig gebruik van plastic, zoals bekers en eetbakjes, betaal je extra. Die heffing moet verdwijnen.",FvD,1
t12,"Voor het eenmalig gebruik van plastic, zoals bekers en eetbakjes, betaal je extra. Die heffing moet verdwijnen.",SGP,1
t12,"Voor het eenmalig gebruik van plastic, zoals bekers en eetbakjes, betaal je extra. Die heffing moet verdwijnen.",JA21,1
t12,"Voor het eenmalig gebruik van plastic, zoals bekers en eetbakjes, betaal je extra. Die heffing moet verdwijnen.",Vrede voor Dieren,1
t12,"Voor het eenmalig gebruik van plastic, zoals bekers en eetbakjes, betaal je extra. Die heffing moet verdwijnen.",BVNL,1
t12,"Voor het eenmalig gebruik van plastic, zoals bekers en eetbakjes, betaal je extra. Die heffing moet verdwijnen.",BIJ1,1
t12,"Voor het eenmalig gebruik van plastic, zoals bekers en eetbakjes, betaal je extra. Die heffing moet verdwijnen.",Libertaire Partij,1
t12,"Voor het eenmalig gebruik van plastic, zoals bekers en eetbakjes, betaal je extra. Die heffing moet verdwijnen.",50PLUS,1
t12,"Voor het eenmalig gebruik van plastic, zoals bekers en eetbakjes, betaal je extra. Die heffing moet verdwijnen.",Piratenpartij,1
t12,"Voor het eenmalig gebruik van plastic, zoals bekers en eetbakjes, betaal je extra. Die heffing moet verdwijnen.",FNP,1
t12,"Voor het eenmalig gebruik van plastic, zoals bekers en eetbakjes, betaal je extra. Die heffing moet verdwijnen.",Vrij Verbond,1
t12,"Voor het eenmalig gebruik van plastic, zoals bekers en eetbakjes, betaal je extra. Die heffing moet verdwijnen.",De Linie,1
t12,"Voor het eenmalig gebruik van plastic, zoals bekers en eetbakjes, betaal je extra. Die heffing moet verdwijnen.",GroenLinks-PvdA,-1
t12,"Voor het eenmalig gebruik van plastic, zoals bekers en eetbakjes, betaal je extra. Die heffing moet verdwijnen.",Partij voor de Dieren,-1
t12,"Voor het eenmalig gebruik van plastic, zoals bekers en eetbakjes, betaal je extra. Die heffing moet verdwijnen.",ChristenUnie,-1
t12,"Voor het eenmalig gebruik van plastic, zoals bekers en eetbakjes, betaal je extra. Die heffing moet verdwijnen.",Volt,-1
t13,De huurprijs van een sociale huurwoningIcon mag de komende drie jaar niet harder stijgen dan de inflatieIcon.,PVV,1
t13,De huurprijs van een sociale huurwoningIcon mag de komende drie jaar niet harder stijgen dan de inflatieIcon.,GroenLinks-PvdA,1
t13,De huurprijs van een sociale huurwoningIcon mag de komende drie jaar niet harder stijgen dan de inflatieIcon.,NSC,1
t13,De huurprijs van een sociale huurwoningIcon mag de komende drie jaar niet harder stijgen dan de inflatieIcon.,D66,1
t13,De huurprijs van een sociale huurwoningIcon mag de komende drie jaar niet harder stijgen dan de inflatieIcon.,CDA,1
t13,De huurprijs van een sociale huurwoningIcon mag de komende drie jaar niet harder stijgen dan de inflatieIcon.,SP,1
t13,De huurprijs van een sociale huurwoningIcon mag de komende drie jaar niet harder stijgen dan de inflatieIcon.,DENK,1
t13,De huurprijs van een sociale huurwoningIcon mag de komende drie jaar niet harder stijgen dan de inflatieIcon.,Partij voor de Dieren,1
t13,De huurprijs van een sociale huurwoningIcon mag de komende drie jaar niet harder stijgen dan de inflatieIcon.,ChristenUnie,1
t13,De huurprijs van een sociale huurwoningIcon mag de komende drie jaar niet harder stijgen dan de inflatieIcon.,Volt,1
t13,De huurprijs van een sociale huurwoningIcon mag de komende drie jaar niet harder stijgen dan de inflatieIcon.,Vrede voor Dieren,1
t13,De huurprijs van een sociale huurwoningIcon mag de komende drie jaar niet harder stijgen dan de inflatieIcon.,BIJ1,1
t13,De huurprijs van een sociale huurwoningIcon mag de komende drie jaar niet harder stijgen dan de inflatieIcon.,50PLUS,1
t13,De huurprijs van een sociale huurwoningIcon mag de komende drie jaar niet harder stijgen dan de inflatieIcon.,Piratenpartij,1
t13,De huurprijs van een sociale huurwoningIcon mag de komende drie jaar niet harder stijgen dan de inflatieIcon.,FNP,1
t13,De huurprijs van een sociale huurwoningIcon mag de komende drie jaar niet harder stijgen dan de inflatieIcon.,De Linie,1
t13,De huurprijs van een sociale huurwoningIcon mag de komende drie jaar niet harder stijgen dan de inflatieIcon.,SGP,0
t13,De huurprijs van een sociale huurwoningIcon mag de komende drie jaar niet harder stijgen dan de inflatieIcon.,VVD,-1
t13,De huurprijs van een sociale huurwoningIcon mag de komende drie jaar niet harder stijgen dan de inflatieIcon.,BBB,-1
t13,De huurprijs van een sociale huurwoningIcon mag de komende drie jaar niet harder stijgen dan de inflatieIcon.,FvD,-1
t13,De huurprijs van een sociale huurwoningIcon mag de komende drie jaar niet harder stijgen dan de inflatieIcon.,JA21,-1
t13,De huurprijs van een sociale huurwoningIcon mag de komende drie jaar niet harder stijgen dan de inflatieIcon.,BVNL,-1
t13,De huurprijs van een sociale huurwoningIcon mag de komende drie jaar niet harder stijgen dan de inflatieIcon.,Libertaire Partij,-1
t13,De huurprijs van een sociale huurwoningIcon mag de komende drie jaar niet harder stijgen dan de inflatieIcon.,Vrij Verbond,-1
t14,De regering moet meer geld uitgeven aan wetenschappelijk onderzoek.,GroenLinks-PvdA,1
t14,De regering moet meer geld uitgeven aan wetenschappelijk onderzoek.,VVD,1
t14,De regering moet meer geld uitgeven aan wetenschappelijk onderzoek.,NSC,1
t14,De regering moet meer geld uitgeven aan wetenschappelijk onderzoek.,D66,1
t14,De regering moet meer geld uitgeven aan wetenschappelijk onderzoek.,CDA,1
t14,De regering moet meer geld uitgeven aan wetenschappelijk onderzoek.,SP,1
t14,De regering moet meer geld uitgeven aan wetenschappelijk onderzoek.,DENK,1
t14,De regering moet meer geld uitgeven aan wetenschappelijk onderzoek.,Partij voor de Dieren,1
t14,De regering moet meer geld uitgeven aan wetenschappelijk onderzoek.,SGP,1
t14,De regering moet meer geld uitgeven aan wetenschappelijk onderzoek.,ChristenUnie,1
t14,De regering moet meer geld uitgeven aan wetenschappelijk onderzoek.,Volt,1
t14,De regering moet meer geld uitgeven aan wetenschappelijk onderzoek.,JA21,1
t14,De regering moet meer geld uitgeven aan wetenschappelijk onderzoek.,Vrede voor Dieren,1
t14,De regering moet meer geld uitgeven aan wetenschappelijk onderzoek.,BIJ1,1
t14,De regering moet meer geld uitgeven aan wetenschappelijk onderzoek.,Piratenpartij,1
t14,De regering moet meer geld uitgeven aan wetenschappelijk onderzoek.,FNP,1
t14,De regering moet meer geld uitgeven aan wetenschappelijk onderzoek.,De Linie,1
t14,De regering moet meer geld uitgeven aan wetenschappelijk onderzoek.,PVV,-1
t14,De regering moet meer geld uitgeven aan wetenschappelijk onderzoek.,BBB,-1
t14,De regering moet meer geld uitgeven aan wetenschappelijk onderzoek.,FvD,-1
t14,De regering moet meer geld uitgeven aan wetenschappelijk onderzoek.,BVNL,-1
t14,De regering moet meer geld uitgeven aan wetenschappelijk onderzoek.,Libertaire Partij,-1
t14,De regering moet meer geld uitgeven aan wetenschappelijk onderzoek.,50PLUS,-1
t14,De regering moet meer geld uitgeven aan wetenschappelijk onderzoek.,Vrij Verbond,-1
t15,Gemeenten en provincies moeten makkelijker een vergunning krijgen om wolven af te schieten die problemen veroorzaken.,PVV,1
t15,Gemeenten en provincies moeten makkelijker een vergunning krijgen om wolven af te schieten die problemen veroorzaken.,VVD,1
t15,Gemeenten en provincies moeten makkelijker een vergunning krijgen om wolven af te schieten die problemen veroorzaken.,NSC,1
t15,Gemeenten en provincies moeten makkelijker een vergunning krijgen om wolven af te schieten die problemen veroorzaken.,D66,1
t15,Gemeenten en provincies moeten makkelijker een vergunning krijgen om wolven af te schieten die problemen veroorzaken.,BBB,1
t15,Gemeenten en provincies moeten makkelijker een vergunning krijgen om wolven af te schieten die problemen veroorzaken.,CDA,1
t15,Gemeenten en provincies moeten makkelijker een vergunning krijgen om wolven af te schieten die problemen veroorzaken.,FvD,1
t15,Gemeenten en provincies moeten makkelijker een vergunning krijgen om wolven af te schieten die problemen veroorzaken.,SGP,1
t15,Gemeenten en provincies moeten makkelijker een vergunning krijgen om wolven af te schieten die problemen veroorzaken.,ChristenUnie,1
t15,Gemeenten en provincies moeten makkelijker een vergunning krijgen om wolven af te schieten die problemen veroorzaken.,JA21,1
t15,Gemeenten en provincies moeten makkelijker een vergunning krijgen om wolven af te schieten die problemen veroorzaken.,BVNL,1
t15,Gemeenten en provincies moeten makkelijker een vergunning krijgen om wolven af te schieten die problemen veroorzaken.,Libertaire Partij,1
t15,Gemeenten en provincies moeten makkelijker een vergunning krijgen om wolven af te schieten die problemen veroorzaken.,50PLUS,1
t15,Gemeenten en provincies moeten makkelijker een vergunning krijgen om wolven af te schieten die problemen veroorzaken.,FNP,1
t15,Gemeenten en provincies moeten makkelijker een vergunning krijgen om wolven af te schieten die problemen veroorzaken.,Vrij Verbond,1
t15,Gemeenten en provincies moeten makkelijker een vergunning krijgen om wolven af te schieten die problemen veroorzaken.,De Linie,1
t15,Gemeenten en provincies moeten makkelijker een vergunning krijgen om wolven af te schieten die problemen veroorzaken.,GroenLinks-PvdA,-1
t15,Gemeenten en provincies moeten makkelijker een vergunning krijgen om wolven af te schieten die problemen veroorzaken.,SP,-1
t15,Gemeenten en provincies moeten makkelijker een vergunning krijgen om wolven af te schieten die problemen veroorzaken.,DENK,-1
t15,Gemeenten en provincies moeten makkelijker een vergunning krijgen om wolven af te schieten die problemen veroorzaken.,Partij voor de Dieren,-1
t15,Gemeenten en provincies moeten makkelijker een vergunning krijgen om wolven af te schieten die problemen veroorzaken.,Volt,-1
t15,Gemeenten en provincies moeten makkelijker een vergunning krijgen om wolven af te schieten die problemen veroorzaken.,Vrede voor Dieren,-1
t15,Gemeenten en provincies moeten makkelijker een vergunning krijgen om wolven af te schieten die problemen veroorzaken.,BIJ1,-1
t15,Gemeenten en provincies moeten makkelijker een vergunning krijgen om wolven af te schieten die problemen veroorzaken.,Piratenpartij,-1
t16,De rechter moet mensen kunnen straffen door het dragen van een enkelband in plaats van een korte celstraf.,GroenLinks-PvdA,1
t16,De rechter moet mensen kunnen straffen door het dragen van een enkelband in plaats van een korte celstraf.,NSC,1
t16,De rechter moet mensen kunnen straffen door het dragen van een enkelband in plaats van een korte celstraf.,D66,1
t16,De rechter moet mensen kunnen straffen door het dragen van een enkelband in plaats van een korte celstraf.,CDA,1
t16,De rechter moet mensen kunnen straffen door het dragen van een enkelband in plaats van een korte celstraf.,SP,1
t16,De rechter moet mensen kunnen straffen door het dragen van een enkelband in plaats van een korte celstraf.,DENK,1
t16,De rechter moet mensen kunnen straffen door het dragen van een enkelband in plaats van een korte celstraf.,Partij voor de Dieren,1
t16,De rechter moet mensen kunnen straffen door het dragen van een enkelband in plaats van een korte celstraf.,ChristenUnie,1
t16,De rechter moet mensen kunnen straffen door het dragen van een enkelband in plaats van een korte celstraf.,Volt,1
t16,De rechter moet mensen kunnen straffen door het dragen van een enkelband in plaats van een korte celstraf.,Vrede voor Dieren,1
t16,De rechter moet mensen kunnen straffen door het dragen van een enkelband in plaats van een korte celstraf.,BIJ1,1
t16,De rechter moet mensen kunnen straffen door het dragen van een enkelband in plaats van een korte celstraf.,Libertaire Partij,1
t16,De rechter moet mensen kunnen straffen door het dragen van een enkelband in plaats van een korte celstraf.,50PLUS,1
t16,De rechter moet mensen kunnen straffen door het dragen van een enkelband in plaats van een korte celstraf.,Piratenpartij,1
t16,De rechter moet mensen kunnen straffen door het dragen van een enkelband in plaats van een korte celstraf.,FNP,1
t16,De rechter moet mensen kunnen straffen door het dragen van een enkelband in plaats van een korte celstraf.,Vrij Verbond,1
t16,De rechter moet mensen kunnen straffen door het dragen van een enkelband in plaats van een korte celstraf.,De Linie,1
t16,De rechter moet mensen kunnen straffen door het dragen van een enkelband in plaats van een korte celstraf.,PVV,-1
t16,De rechter moet mensen kunnen straffen door het dragen van een enkelband in plaats van een korte celstraf.,VVD,-1
t16,De rechter moet mensen kunnen straffen door het dragen van een enkelband in plaats van een korte celstraf.,BBB,-1
t16,De rechter moet mensen kunnen straffen door het dragen van een enkelband in plaats van een korte celstraf.,FvD,-1
t16,De rechter moet mensen kunnen straffen door het dragen van een enkelband in plaats van een korte celstraf.,SGP,-1
t16,De rechter moet mensen kunnen straffen door het dragen van een enkelband in plaats van een korte celstraf.,JA21,-1
t16,De rechter moet mensen kunnen straffen door het dragen van een enkelband in plaats van een korte celstraf.,BVNL,-1
t17,"Als je werkloos wordt, moet je maximaal 12 maanden WWIcon krijgen. Dat is nu nog 24 maanden.",VVD,1
t17,"Als je werkloos wordt, moet je maximaal 12 maanden WWIcon krijgen. Dat is nu nog 24 maanden.",D66,1
t17,"Als je werkloos wordt, moet je maximaal 12 maanden WWIcon krijgen. Dat is nu nog 24 maanden.",FvD,1
t17,"Als je werkloos wordt, moet je maximaal 12 maanden WWIcon krijgen. Dat is nu nog 24 maanden.",SGP,1
t17,"Als je werkloos wordt, moet je maximaal 12 maanden WWIcon krijgen. Dat is nu nog 24 maanden.",JA21,1
t17,"Als je werkloos wordt, moet je maximaal 12 maanden WWIcon krijgen. Dat is nu nog 24 maanden.",BVNL,1
t17,"Als je werkloos wordt, moet je maximaal 12 maanden WWIcon krijgen. Dat is nu nog 24 maanden.",Libertaire Partij,1
t17,"Als je werkloos wordt, moet je maximaal 12 maanden WWIcon krijgen. Dat is nu nog 24 maanden.",Vrij Verbond,0
t17,"Als je werkloos wordt, moet je maximaal 12 maanden WWIcon krijgen. Dat is nu nog 24 maanden.",PVV,-1
t17,"Als je werkloos wordt, moet je maximaal 12 maanden WWIcon krijgen. Dat is nu nog 24 maanden.",GroenLinks-PvdA,-1
t17,"Als je werkloos wordt, moet je maximaal 12 maanden WWIcon krijgen. Dat is nu nog 24 maanden.",NSC,-1
t17,"Als je werkloos wordt, moet je maximaal 12 maanden WWIcon krijgen. Dat is nu nog 24 maanden.",BBB,-1
t17,"Als je werkloos wordt, moet je maximaal 12 maanden WWIcon krijgen. Dat is nu nog 24 maanden.",CDA,-1
t17,"Als je werkloos wordt, moet je maximaal 12 maanden WWIcon krijgen. Dat is nu nog 24 maanden.",SP,-1
t17,"Als je werkloos wordt, moet je maximaal 12 maanden WWIcon krijgen. Dat is nu nog 24 maanden.",DENK,-1
t17,"Als je werkloos wordt, moet je maximaal 12 maanden WWIcon krijgen. Dat is nu nog 24 maanden.",Partij voor de Dieren,-1
t17,"Als je werkloos wordt, moet je maximaal 12 maanden WWIcon krijgen. Dat is nu nog 24 maanden.",ChristenUnie,-1
t17,"Als je werkloos wordt, moet je maximaal 12 maanden WWIcon krijgen. Dat is nu nog 24 maanden.",Volt,-1
t17,"Als je werkloos wordt, moet je maximaal 12 maanden WWIcon krijgen. Dat is nu nog 24 maanden.",Vrede voor Dieren,-1
t17,"Als je werkloos wordt, moet je maximaal 12 maanden WWIcon krijgen. Dat is nu nog 24 maanden.",BIJ1,-1
t17,"Als je werkloos wordt, moet je maximaal 12 maanden WWIcon krijgen. Dat is nu nog 24 maanden.",50PLUS,-1
t17,"Als je werkloos wordt, moet je maximaal 12 maanden WWIcon krijgen. Dat is nu nog 24 maanden.",Piratenpartij,-1
t17,"Als je werkloos wordt, moet je maximaal 12 maanden WWIcon krijgen. Dat is nu nog 24 maanden.",FNP,-1
t17,"Als je werkloos wordt, moet je maximaal 12 maanden WWIcon krijgen. Dat is nu nog 24 maanden.",De Linie,-1
t18,De regering moet ervoor zorgen dat er in 2030 minstens de helft minder stikstofIcon in de lucht komt ten opzichte van 2019.,GroenLinks-PvdA,1
t18,De regering moet ervoor zorgen dat er in 2030 minstens de helft minder stikstofIcon in de lucht komt ten opzichte van 2019.,D66,1
t18,De regering moet ervoor zorgen dat er in 2030 minstens de helft minder stikstofIcon in de lucht komt ten opzichte van 2019.,SP,1
t18,De regering moet ervoor zorgen dat er in 2030 minstens de helft minder stikstofIcon in de lucht komt ten opzichte van 2019.,DENK,1
t18,De regering moet ervoor zorgen dat er in 2030 minstens de helft minder stikstofIcon in de lucht komt ten opzichte van 2019.,Partij voor de Dieren,1
t18,De regering moet ervoor zorgen dat er in 2030 minstens de helft minder stikstofIcon in de lucht komt ten opzichte van 2019.,Volt,1
t18,De regering moet ervoor zorgen dat er in 2030 minstens de helft minder stikstofIcon in de lucht komt ten opzichte van 2019.,Vrede voor Dieren,1
t18,De regering moet ervoor zorgen dat er in 2030 minstens de helft minder stikstofIcon in de lucht komt ten opzichte van 2019.,BIJ1,1
t18,De regering moet ervoor zorgen dat er in 2030 minstens de helft minder stikstofIcon in de lucht komt ten opzichte van 2019.,Piratenpartij,1
t18,De regering moet ervoor zorgen dat er in 2030 minstens de helft minder stikstofIcon in de lucht komt ten opzichte van 2019.,PVV,-1
t18,De regering moet ervoor zorgen dat er in 2030 minstens de helft minder stikstofIcon in de lucht komt ten opzichte van 2019.,VVD,-1
t18,De regering moet ervoor zorgen dat er in 2030 minstens de helft minder stikstofIcon in de lucht komt ten opzichte van 2019.,NSC,-1
t18,De regering moet ervoor zorgen dat er in 2030 minstens de helft minder stikstofIcon in de lucht komt ten opzichte van 2019.,BBB,-1
t18,De regering moet ervoor zorgen dat er in 2030 minstens de helft minder stikstofIcon in de lucht komt ten opzichte van 2019.,CDA,-1
t18,De regering moet ervoor zorgen dat er in 2030 minstens de helft minder stikstofIcon in de lucht komt ten opzichte van 2019.,FvD,-1
t18,De regering moet ervoor zorgen dat er in 2030 minstens de helft minder stikstofIcon in de lucht komt ten opzichte van 2019.,SGP,-1
t18,De regering moet ervoor zorgen dat er in 2030 minstens de helft minder stikstofIcon in de lucht komt ten opzichte van 2019.,ChristenUnie,-1
t18,De regering moet ervoor zorgen dat er in 2030 minstens de helft minder stikstofIcon in de lucht komt ten opzichte van 2019.,JA21,-1
t18,De regering moet ervoor zorgen dat er in 2030 minstens de helft minder stikstofIcon in de lucht komt ten opzichte van 2019.,BVNL,-1
t18,De regering moet ervoor zorgen dat er in 2030 minstens de helft minder stikstofIcon in de lucht komt ten opzichte van 2019.,Libertaire Partij,-1
t18,De regering moet ervoor zorgen dat er in 2030 minstens de helft minder stikstofIcon in de lucht komt ten opzichte van 2019.,50PLUS,-1
t18,De regering moet ervoor zorgen dat er in 2030 minstens de helft minder stikstofIcon in de lucht komt ten opzichte van 2019.,FNP,-1
t18,De regering moet ervoor zorgen dat er in 2030 minstens de helft minder stikstofIcon in de lucht komt ten opzichte van 2019.,Vrij Verbond,-1
t18,De regering moet ervoor zorgen dat er in 2030 minstens de helft minder stikstofIcon in de lucht komt ten opzichte van 2019.,De Linie,-1
t19,Abortus moet uit het Wetboek van StrafrechtIcon.,GroenLinks-PvdA,1
t19,Abortus moet uit het Wetboek van StrafrechtIcon.,VVD,1
t19,Abortus moet uit het Wetboek van StrafrechtIcon.,D66,1
t19,Abortus moet uit het Wetboek van StrafrechtIcon.,SP,1
t19,Abortus moet uit het Wetboek van StrafrechtIcon.,Partij voor de Dieren,1
t19,Abortus moet uit het Wetboek van StrafrechtIcon.,Volt,1
t19,Abortus moet uit het Wetboek van StrafrechtIcon.,Vrede voor Dieren,1
t19,Abortus moet uit het Wetboek van StrafrechtIcon.,BIJ1,1
t19,Abortus moet uit het Wetboek van StrafrechtIcon.,Libertaire Partij,1
t19,Abortus moet uit het Wetboek van StrafrechtIcon.,50PLUS,1
t19,Abortus moet uit het Wetboek van StrafrechtIcon.,Piratenpartij,1
t19,Abortus moet uit het Wetboek van StrafrechtIcon.,FNP,1
t19,Abortus moet uit het Wetboek van StrafrechtIcon.,Vrij Verbond,1
t19,Abortus moet uit het Wetboek van StrafrechtIcon.,De Linie,1
t19,Abortus moet uit het Wetboek van StrafrechtIcon.,PVV,-1
t19,Abortus moet uit het Wetboek van StrafrechtIcon.,NSC,-1
t19,Abortus moet uit het Wetboek van StrafrechtIcon.,BBB,-1
t19,Abortus moet uit het Wetboek van StrafrechtIcon.,CDA,-1
t19,Abortus moet uit het Wetboek van StrafrechtIcon.,DENK,-1
t19,Abortus moet uit het Wetboek van StrafrechtIcon.,FvD,-1
t19,Abortus moet uit het Wetboek van StrafrechtIcon.,SGP,-1
t19,Abortus moet uit het Wetboek van StrafrechtIcon.,ChristenUnie,-1
t19,Abortus moet uit het Wetboek van StrafrechtIcon.,JA21,-1
t19,Abortus moet uit het Wetboek van StrafrechtIcon.,BVNL,-1
t20,Verhoging van het minimumloonIcon moet niet langer automatisch leiden tot verhoging van de bijstandsuitkering.,VVD,1
t20,Verhoging van het minimumloonIcon moet niet langer automatisch leiden tot verhoging van de bijstandsuitkering.,FvD,1
t20,Verhoging van het minimumloonIcon moet niet langer automatisch leiden tot verhoging van de bijstandsuitkering.,Volt,1
t20,Verhoging van het minimumloonIcon moet niet langer automatisch leiden tot verhoging van de bijstandsuitkering.,JA21,1
t20,Verhoging van het minimumloonIcon moet niet langer automatisch leiden tot verhoging van de bijstandsuitkering.,BVNL,1
t20,Verhoging van het minimumloonIcon moet niet langer automatisch leiden tot verhoging van de bijstandsuitkering.,Libertaire Partij,1
t20,Verhoging van het minimumloonIcon moet niet langer automatisch leiden tot verhoging van de bijstandsuitkering.,Vrij Verbond,1
t20,Verhoging van het minimumloonIcon moet niet langer automatisch leiden tot verhoging van de bijstandsuitkering.,PVV,-1
t20,Verhoging van het minimumloonIcon moet niet langer automatisch leiden tot verhoging van de bijstandsuitkering.,GroenLinks-PvdA,-1
t20,Verhoging van het minimumloonIcon moet niet langer automatisch leiden tot verhoging van de bijstandsuitkering.,NSC,-1
t20,Verhoging van het minimumloonIcon moet niet langer automatisch leiden tot verhoging van de bijstandsuitkering.,D66,-1
t20,Verhoging van het minimumloonIcon moet niet langer automatisch leiden tot verhoging van de bijstandsuitkering.,BBB,-1
t20,Verhoging van het minimumloonIcon moet niet langer automatisch leiden tot verhoging van de bijstandsuitkering.,CDA,-1
t20,Verhoging van het minimumloonIcon moet niet langer automatisch leiden tot verhoging van de bijstandsuitkering.,SP,-1
t20,Verhoging van het minimumloonIcon moet niet langer automatisch leiden tot verhoging van de bijstandsuitkering.,DENK,-1
t20,Verhoging van het minimumloonIcon moet niet langer automatisch leiden tot verhoging van de bijstandsuitkering.,Partij voor de Dieren,-1
t20,Verhoging van het minimumloonIcon moet niet langer automatisch leiden tot verhoging van de bijstandsuitkering.,SGP,-1
t20,Verhoging van het minimumloonIcon moet niet langer automatisch leiden tot verhoging van de bijstandsuitkering.,ChristenUnie,-1
t20,Verhoging van het minimumloonIcon moet niet langer automatisch leiden tot verhoging van de bijstandsuitkering.,Vrede voor Dieren,-1
t20,Verhoging van het minimumloonIcon moet niet langer automatisch leiden tot verhoging van de bijstandsuitkering.,BIJ1,-1
t20,Verhoging van het minimumloonIcon moet niet langer automatisch leiden tot verhoging van de bijstandsuitkering.,50PLUS,-1
t20,Verhoging van het minimumloonIcon moet niet langer automatisch leiden tot verhoging van de bijstandsuitkering.,Piratenpartij,-1
t20,Verhoging van het minimumloonIcon moet niet langer automatisch leiden tot verhoging van de bijstandsuitkering.,FNP,-1
t20,Verhoging van het minimumloonIcon moet niet langer automatisch leiden tot verhoging van de bijstandsuitkering.,De Linie,-1
t21,De hoeveelheid vee in Nederland moet met minstens de helft omlaag.,GroenLinks-PvdA,1
t21,De hoeveelheid vee in Nederland moet met minstens de helft omlaag.,Partij voor de Dieren,1
t21,De hoeveelheid vee in Nederland moet met minstens de helft omlaag.,Volt,1
t21,De hoeveelheid vee in Nederland moet met minstens de helft omlaag.,Vrede voor Dieren,1
t21,De hoeveelheid vee in Nederland moet met minstens de helft omlaag.,BIJ1,1
t21,De hoeveelheid vee in Nederland moet met minstens de helft omlaag.,Piratenpartij,1
t21,De hoeveelheid vee in Nederland moet met minstens de helft omlaag.,PVV,-1
t21,De hoeveelheid vee in Nederland moet met minstens de helft omlaag.,VVD,-1
t21,De hoeveelheid vee in Nederland moet met minstens de helft omlaag.,NSC,-1
t21,De hoeveelheid vee in Nederland moet met minstens de helft omlaag.,D66,-1
t21,De hoeveelheid vee in Nederland moet met minstens de helft omlaag.,BBB,-1
t21,De hoeveelheid vee in Nederland moet met minstens de helft omlaag.,CDA,-1
t21,De hoeveelheid vee in Nederland moet met minstens de helft omlaag.,SP,-1
t21,De hoeveelheid vee in Nederland moet met minstens de helft omlaag.,DENK,-1
t21,De hoeveelheid vee in Nederland moet met minstens de helft omlaag.,FvD,-1
t21,De hoeveelheid vee in Nederland moet met minstens de helft omlaag.,SGP,-1
t21,De hoeveelheid vee in Nederland moet met minstens de helft omlaag.,ChristenUnie,-1
t21,De hoeveelheid vee in Nederland moet met minstens de helft omlaag.,JA21,-1
t21,De hoeveelheid vee in Nederland moet met minstens de helft omlaag.,BVNL,-1
t21,De hoeveelheid vee in Nederland moet met minstens de helft omlaag.,Libertaire Partij,-1
t21,De hoeveelheid vee in Nederland moet met minstens de helft omlaag.,50PLUS,-1
t21,De hoeveelheid vee in Nederland moet met minstens de helft omlaag.,FNP,-1
t21,De hoeveelheid vee in Nederland moet met minstens de helft omlaag.,Vrij Verbond,-1
t21,De hoeveelheid vee in Nederland moet met minstens de helft omlaag.,De Linie,-1
t22,Illegaal verblijf in Nederland moet strafbaar worden.,PVV,1
t22,Illegaal verblijf in Nederland moet strafbaar worden.,VVD,1
t22,Illegaal verblijf in Nederland moet strafbaar worden.,NSC,1
t22,Illegaal verblijf in Nederland moet strafbaar worden.,BBB,1
t22,Illegaal verblijf in Nederland moet strafbaar worden.,CDA,1
t22,Illegaal verblijf in Nederland moet strafbaar worden.,FvD,1
t22,Illegaal verblijf in Nederland moet strafbaar worden.,SGP,1
t22,Illegaal verblijf in Nederland moet strafbaar worden.,JA21,1
t22,Illegaal verblijf in Nederland moet strafbaar worden.,BVNL,1
t22,Illegaal verblijf in Nederland moet strafbaar worden.,Libertaire Partij,1
t22,Illegaal verblijf in Nederland moet strafbaar worden.,50PLUS,1
t22,Illegaal verblijf in Nederland moet strafbaar worden.,De Linie,1
t22,Illegaal verblijf in Nederland moet strafbaar worden.,GroenLinks-PvdA,-1
t22,Illegaal verblijf in Nederland moet strafbaar worden.,D66,-1
t22,Illegaal verblijf in Nederland moet strafbaar worden.,SP,-1
t22,Illegaal verblijf in Nederland moet strafbaar worden.,DENK,-1
t22,Illegaal verblijf in Nederland moet strafbaar worden.,Partij voor de Dieren,-1
t22,Illegaal verblijf in Nederland moet strafbaar worden.,ChristenUnie,-1
t22,Illegaal verblijf in Nederland moet strafbaar worden.,Volt,-1
t22,Illegaal verblijf in Nederland moet strafbaar worden.,Vrede voor Dieren,-1
t22,Illegaal verblijf in Nederland moet strafbaar worden.,BIJ1,-1
t22,Illegaal verblijf in Nederland moet strafbaar worden.,Piratenpartij,-1
t22,Illegaal verblijf in Nederland moet strafbaar worden.,FNP,-1
t22,Illegaal verblijf in Nederland moet strafbaar worden.,Vrij Verbond,-1
t23,In plaats van belasting te betalen voor het bezit van een auto moeten automobilisten per gereden kilometer gaan betalen.,GroenLinks-PvdA,1
t23,In plaats van belasting te betalen voor het bezit van een auto moeten automobilisten per gereden kilometer gaan betalen.,D66,1
t23,In plaats van belasting te betalen voor het bezit van een auto moeten automobilisten per gereden kilometer gaan betalen.,Partij voor de Dieren,1
t23,In plaats van belasting te betalen voor het bezit van een auto moeten automobilisten per gereden kilometer gaan betalen.,ChristenUnie,1
t23,In plaats van belasting te betalen voor het bezit van een auto moeten automobilisten per gereden kilometer gaan betalen.,Volt,1
t23,In plaats van belasting te betalen voor het bezit van een auto moeten automobilisten per gereden kilometer gaan betalen.,Vrede voor Dieren,1
t23,In plaats van belasting te betalen voor het bezit van een auto moeten automobilisten per gereden kilometer gaan betalen.,Libertaire Partij,1
t23,In plaats van belasting te betalen voor het bezit van een auto moeten automobilisten per gereden kilometer gaan betalen.,PVV,-1
t23,In plaats van belasting te betalen voor het bezit van een auto moeten automobilisten per gereden kilometer gaan betalen.,VVD,-1
t23,In plaats van belasting te betalen voor het bezit van een auto moeten automobilisten per gereden kilometer gaan betalen.,NSC,-1
t23,In plaats van belasting te betalen voor het bezit van een auto moeten automobilisten per gereden kilometer gaan betalen.,BBB,-1
t23,In plaats van belasting te betalen voor het bezit van een auto moeten automobilisten per gereden kilometer gaan betalen.,CDA,-1
t23,In plaats van belasting te betalen voor het bezit van een auto moeten automobilisten per gereden kilometer gaan betalen.,SP,-1
t23,In plaats van belasting te betalen voor het bezit van een auto moeten automobilisten per gereden kilometer gaan betalen.,DENK,-1
t23,In plaats van belasting te betalen voor het bezit van een auto moeten automobilisten per gereden kilometer gaan betalen.,FvD,-1
t23,In plaats van belasting te betalen voor het bezit van een auto moeten automobilisten per gereden kilometer gaan betalen.,SGP,-1
t23,In plaats van belasting te betalen voor het bezit van een auto moeten automobilisten per gereden kilometer gaan betalen.,JA21,-1
t23,In plaats van belasting te betalen voor het bezit van een auto moeten automobilisten per gereden kilometer gaan betalen.,BVNL,-1
t23,In plaats van belasting te betalen voor het bezit van een auto moeten automobilisten per gereden kilometer gaan betalen.,BIJ1,-1
t23,In plaats van belasting te betalen voor het bezit van een auto moeten automobilisten per gereden kilometer gaan betalen.,50PLUS,-1
t23,In plaats van belasting te betalen voor het bezit van een auto moeten automobilisten per gereden kilometer gaan betalen.,Piratenpartij,-1
t23,In plaats van belasting te betalen voor het bezit van een auto moeten automobilisten per gereden kilometer gaan betalen.,FNP,-1
t23,In plaats van belasting te betalen voor het bezit van een auto moeten automobilisten per gereden kilometer gaan betalen.,Vrij Verbond,-1
t23,In plaats van belasting te betalen voor het bezit van een auto moeten automobilisten per gereden kilometer gaan betalen.,De Linie,-1
t24,Het eigen risico bij zorgverzekeringenIcon wordt per 2027 gehalveerd. Dat moet worden teruggedraaid.,VVD,1
t24,Het eigen risico bij zorgverzekeringenIcon wordt per 2027 gehalveerd. Dat moet worden teruggedraaid.,D66,1
t24,Het eigen risico bij zorgverzekeringenIcon wordt per 2027 gehalveerd. Dat moet worden teruggedraaid.,CDA,1
t24,Het eigen risico bij zorgverzekeringenIcon wordt per 2027 gehalveerd. Dat moet worden teruggedraaid.,SGP,1
t24,Het eigen risico bij zorgverzekeringenIcon wordt per 2027 gehalveerd. Dat moet worden teruggedraaid.,ChristenUnie,1
t24,Het eigen risico bij zorgverzekeringenIcon wordt per 2027 gehalveerd. Dat moet worden teruggedraaid.,Volt,1
t24,Het eigen risico bij zorgverzekeringenIcon wordt per 2027 gehalveerd. Dat moet worden teruggedraaid.,JA21,1
t24,Het eigen risico bij zorgverzekeringenIcon wordt per 2027 gehalveerd. Dat moet worden teruggedraaid.,BVNL,1
t24,Het eigen risico bij zorgverzekeringenIcon wordt per 2027 gehalveerd. Dat moet worden teruggedraaid.,FNP,1
t24,Het eigen risico bij zorgverzekeringenIcon wordt per 2027 gehalveerd. Dat moet worden teruggedraaid.,Vrij Verbond,1
t24,Het eigen risico bij zorgverzekeringenIcon wordt per 2027 gehalveerd. Dat moet worden teruggedraaid.,NSC,0
t24,Het eigen risico bij zorgverzekeringenIcon wordt per 2027 gehalveerd. Dat moet worden teruggedraaid.,PVV,-1
t24,Het eigen risico bij zorgverzekeringenIcon wordt per 2027 gehalveerd. Dat moet worden teruggedraaid.,GroenLinks-PvdA,-1
t24,Het eigen risico bij zorgverzekeringenIcon wordt per 2027 gehalveerd. Dat moet worden teruggedraaid.,BBB,-1
t24,Het eigen risico bij zorgverzekeringenIcon wordt per 2027 gehalveerd. Dat moet worden teruggedraaid.,SP,-1
t24,Het eigen risico bij zorgverzekeringenIcon wordt per 2027 gehalveerd. Dat moet worden teruggedraaid.,DENK,-1
t24,Het eigen risico bij zorgverzekeringenIcon wordt per 2027 gehalveerd. Dat moet worden teruggedraaid.,Partij voor de Dieren,-1
t24,Het eigen risico bij zorgverzekeringenIcon wordt per 2027 gehalveerd. Dat moet worden teruggedraaid.,FvD,-1
t24,Het eigen risico bij zorgverzekeringenIcon wordt per 2027 gehalveerd. Dat moet worden teruggedraaid.,Vrede voor Dieren,-1
t24,Het eigen risico bij zorgverzekeringenIcon wordt per 2027 gehalveerd. Dat moet worden teruggedraaid.,BIJ1,-1
t24,Het eigen risico bij zorgverzekeringenIcon wordt per 2027 gehalveerd. Dat moet worden teruggedraaid.,Libertaire Partij,-1
t24,Het eigen risico bij zorgverzekeringenIcon wordt per 2027 gehalveerd. Dat moet worden teruggedraaid.,50PLUS,-1
t24,Het eigen risico bij zorgverzekeringenIcon wordt per 2027 gehalveerd. Dat moet worden teruggedraaid.,Piratenpartij,-1
t24,Het eigen risico bij zorgverzekeringenIcon wordt per 2027 gehalveerd. Dat moet worden teruggedraaid.,De Linie,-1
t25,Psychisch lijden mag geen reden zijn voor euthanasieIcon.,NSC,1
t25,Psychisch lijden mag geen reden zijn voor euthanasieIcon.,FvD,1
t25,Psychisch lijden mag geen reden zijn voor euthanasieIcon.,SGP,1
t25,Psychisch lijden mag geen reden zijn voor euthanasieIcon.,ChristenUnie,1
t25,Psychisch lijden mag geen reden zijn voor euthanasieIcon.,PVV,0
t25,Psychisch lijden mag geen reden zijn voor euthanasieIcon.,JA21,0
t25,Psychisch lijden mag geen reden zijn voor euthanasieIcon.,GroenLinks-PvdA,-1
t25,Psychisch lijden mag geen reden zijn voor euthanasieIcon.,VVD,-1
t25,Psychisch lijden mag geen reden zijn voor euthanasieIcon.,D66,-1
t25,Psychisch lijden mag geen reden zijn voor euthanasieIcon.,BBB,-1
t25,Psychisch lijden mag geen reden zijn voor euthanasieIcon.,CDA,-1
t25,Psychisch lijden mag geen reden zijn voor euthanasieIcon.,SP,-1
t25,Psychisch lijden mag geen reden zijn voor euthanasieIcon.,DENK,-1
t25,Psychisch lijden mag geen reden zijn voor euthanasieIcon.,Partij voor de Dieren,-1
t25,Psychisch lijden mag geen reden zijn voor euthanasieIcon.,Volt,-1
t25,Psychisch lijden mag geen reden zijn voor euthanasieIcon.,Vrede voor Dieren,-1
t25,Psychisch lijden mag geen reden zijn voor euthanasieIcon.,BVNL,-1
t25,Psychisch lijden mag geen reden zijn voor euthanasieIcon.,BIJ1,-1
t25,Psychisch lijden mag geen reden zijn voor euthanasieIcon.,Libertaire Partij,-1
t25,Psychisch lijden mag geen reden zijn voor euthanasieIcon.,50PLUS,-1
t25,Psychisch lijden mag geen reden zijn voor euthanasieIcon.,Piratenpartij,-1
t25,Psychisch lijden mag geen reden zijn voor euthanasieIcon.,FNP,-1
t25,Psychisch lijden mag geen reden zijn voor euthanasieIcon.,Vrij Verbond,-1
t25,Psychisch lijden mag geen reden zijn voor euthanasieIcon.,De Linie,-1
t26,De regering moet het bouwen van woningen op landbouwgrond makkelijker maken.,GroenLinks-PvdA,1
t26,De regering moet het bouwen van woningen op landbouwgrond makkelijker maken.,VVD,1
t26,De regering moet het bouwen van woningen op landbouwgrond makkelijker maken.,NSC,1
t26,De regering moet het bouwen van woningen op landbouwgrond makkelijker maken.,D66,1
t26,De regering moet het bouwen van woningen op landbouwgrond makkelijker maken.,CDA,1
t26,De regering moet het bouwen van woningen op landbouwgrond makkelijker maken.,SP,1
t26,De regering moet het bouwen van woningen op landbouwgrond makkelijker maken.,DENK,1
t26,De regering moet het bouwen van woningen op landbouwgrond makkelijker maken.,Partij voor de Dieren,1
t26,De regering moet het bouwen van woningen op landbouwgrond makkelijker maken.,ChristenUnie,1
t26,De regering moet het bouwen van woningen op landbouwgrond makkelijker maken.,Volt,1
t26,De regering moet het bouwen van woningen op landbouwgrond makkelijker maken.,JA21,1
t26,De regering moet het bouwen van woningen op landbouwgrond makkelijker maken.,Vrede voor Dieren,1
t26,De regering moet het bouwen van woningen op landbouwgrond makkelijker maken.,BIJ1,1
t26,De regering moet het bouwen van woningen op landbouwgrond makkelijker maken.,Libertaire Partij,1
t26,De regering moet het bouwen van woningen op landbouwgrond makkelijker maken.,50PLUS,1
t26,De regering moet het bouwen van woningen op landbouwgrond makkelijker maken.,Piratenpartij,1
t26,De regering moet het bouwen van woningen op landbouwgrond makkelijker maken.,Vrij Verbond,1
t26,De regering moet het bouwen van woningen op landbouwgrond makkelijker maken.,De Linie,1
t26,De regering moet het bouwen van woningen op landbouwgrond makkelijker maken.,PVV,-1
t26,De regering moet het bouwen van woningen op landbouwgrond makkelijker maken.,BBB,-1
t26,De regering moet het bouwen van woningen op landbouwgrond makkelijker maken.,FvD,-1
t26,De regering moet het bouwen van woningen op landbouwgrond makkelijker maken.,SGP,-1
t26,De regering moet het bouwen van woningen op landbouwgrond makkelijker maken.,BVNL,-1
t26,De regering moet het bouwen van woningen op landbouwgrond makkelijker maken.,FNP,-1
t27,Er moet een wet komen waarin staat dat de overheid nooit de afkomst of nationaliteit van mensen mag gebruiken om risico’s op criminaliteit in te schatten.,GroenLinks-PvdA,1
t27,Er moet een wet komen waarin staat dat de overheid nooit de afkomst of nationaliteit van mensen mag gebruiken om risico’s op criminaliteit in te schatten.,NSC,1
t27,Er moet een wet komen waarin staat dat de overheid nooit de afkomst of nationaliteit van mensen mag gebruiken om risico’s op criminaliteit in te schatten.,D66,1
t27,Er moet een wet komen waarin staat dat de overheid nooit de afkomst of nationaliteit van mensen mag gebruiken om risico’s op criminaliteit in te schatten.,SP,1
t27,Er moet een wet komen waarin staat dat de overheid nooit de afkomst of nationaliteit van mensen mag gebruiken om risico’s op criminaliteit in te schatten.,DENK,1
t27,Er moet een wet komen waarin staat dat de overheid nooit de afkomst of nationaliteit van mensen mag gebruiken om risico’s op criminaliteit in te schatten.,Partij voor de Dieren,1
t27,Er moet een wet komen waarin staat dat de overheid nooit de afkomst of nationaliteit van mensen mag gebruiken om risico’s op criminaliteit in te schatten.,ChristenUnie,1
t27,Er moet een wet komen waarin staat dat de overheid nooit de afkomst of nationaliteit van mensen mag gebruiken om risico’s op criminaliteit in te schatten.,Volt,1
t27,Er moet een wet komen waarin staat dat de overheid nooit de afkomst of nationaliteit van mensen mag gebruiken om risico’s op criminaliteit in te schatten.,Vrede voor Dieren,1
t27,Er moet een wet komen waarin staat dat de overheid nooit de afkomst of nationaliteit van mensen mag gebruiken om risico’s op criminaliteit in te schatten.,BIJ1,1
t27,Er moet een wet komen waarin staat dat de overheid nooit de afkomst of nationaliteit van mensen mag gebruiken om risico’s op criminaliteit in te schatten.,Libertaire Partij,1
t27,Er moet een wet komen waarin staat dat de overheid nooit de afkomst of nationaliteit van mensen mag gebruiken om risico’s op criminaliteit in te schatten.,Piratenpartij,1
t27,Er moet een wet komen waarin staat dat de overheid nooit de afkomst of nationaliteit van mensen mag gebruiken om risico’s op criminaliteit in te schatten.,FNP,1
t27,Er moet een wet komen waarin staat dat de overheid nooit de afkomst of nationaliteit van mensen mag gebruiken om risico’s op criminaliteit in te schatten.,Vrij Verbond,1
t27,Er moet een wet komen waarin staat dat de overheid nooit de afkomst of nationaliteit van mensen mag gebruiken om risico’s op criminaliteit in te schatten.,De Linie,1
t27,Er moet een wet komen waarin staat dat de overheid nooit de afkomst of nationaliteit van mensen mag gebruiken om risico’s op criminaliteit in te schatten.,PVV,-1
t27,Er moet een wet komen waarin staat dat de overheid nooit de afkomst of nationaliteit van mensen mag gebruiken om risico’s op criminaliteit in te schatten.,VVD,-1
t27,Er moet een wet komen waarin staat dat de overheid nooit de afkomst of nationaliteit van mensen mag gebruiken om risico’s op criminaliteit in te schatten.,BBB,-1
t27,Er moet een wet komen waarin staat dat de overheid nooit de afkomst of nationaliteit van mensen mag gebruiken om risico’s op criminaliteit in te schatten.,CDA,-1
t27,Er moet een wet komen waarin staat dat de overheid nooit de afkomst of nationaliteit van mensen mag gebruiken om risico’s op criminaliteit in te schatten.,FvD,-1
t27,Er moet een wet komen waarin staat dat de overheid nooit de afkomst of nationaliteit van mensen mag gebruiken om risico’s op criminaliteit in te schatten.,SGP,-1
t27,Er moet een wet komen waarin staat dat de overheid nooit de afkomst of nationaliteit van mensen mag gebruiken om risico’s op criminaliteit in te schatten.,JA21,-1
t27,Er moet een wet komen waarin staat dat de overheid nooit de afkomst of nationaliteit van mensen mag gebruiken om risico’s op criminaliteit in te schatten.,BVNL,-1
t27,Er moet een wet komen waarin staat dat de overheid nooit de afkomst of nationaliteit van mensen mag gebruiken om risico’s op criminaliteit in te schatten.,50PLUS,-1
t28,De minimumleeftijd voor sekswerkIcon moet omhoog van 18 naar 21 jaar.,PVV,1
t28,De minimumleeftijd voor sekswerkIcon moet omhoog van 18 naar 21 jaar.,GroenLinks-PvdA,1
t28,De minimumleeftijd voor sekswerkIcon moet omhoog van 18 naar 21 jaar.,NSC,1
t28,De minimumleeftijd voor sekswerkIcon moet omhoog van 18 naar 21 jaar.,D66,1
t28,De minimumleeftijd voor sekswerkIcon moet omhoog van 18 naar 21 jaar.,BBB,1
t28,De minimumleeftijd voor sekswerkIcon moet omhoog van 18 naar 21 jaar.,CDA,1
t28,De minimumleeftijd voor sekswerkIcon moet omhoog van 18 naar 21 jaar.,DENK,1
t28,De minimumleeftijd voor sekswerkIcon moet omhoog van 18 naar 21 jaar.,FvD,1
t28,De minimumleeftijd voor sekswerkIcon moet omhoog van 18 naar 21 jaar.,SGP,1
t28,De minimumleeftijd voor sekswerkIcon moet omhoog van 18 naar 21 jaar.,ChristenUnie,1
t28,De minimumleeftijd voor sekswerkIcon moet omhoog van 18 naar 21 jaar.,JA21,1
t28,De minimumleeftijd voor sekswerkIcon moet omhoog van 18 naar 21 jaar.,Vrede voor Dieren,1
t28,De minimumleeftijd voor sekswerkIcon moet omhoog van 18 naar 21 jaar.,BVNL,1
t28,De minimumleeftijd voor sekswerkIcon moet omhoog van 18 naar 21 jaar.,50PLUS,1
t28,De minimumleeftijd voor sekswerkIcon moet omhoog van 18 naar 21 jaar.,FNP,1
t28,De minimumleeftijd voor sekswerkIcon moet omhoog van 18 naar 21 jaar.,De Linie,1
t28,De minimumleeftijd voor sekswerkIcon moet omhoog van 18 naar 21 jaar.,VVD,-1
t28,De minimumleeftijd voor sekswerkIcon moet omhoog van 18 naar 21 jaar.,SP,-1
t28,De minimumleeftijd voor sekswerkIcon moet omhoog van 18 naar 21 jaar.,Partij voor de Dieren,-1
t28,De minimumleeftijd voor sekswerkIcon moet omhoog van 18 naar 21 jaar.,Volt,-1
t28,De minimumleeftijd voor sekswerkIcon moet omhoog van 18 naar 21 jaar.,BIJ1,-1
t28,De minimumleeftijd voor sekswerkIcon moet omhoog van 18 naar 21 jaar.,Libertaire Partij,-1
t28,De minimumleeftijd voor sekswerkIcon moet omhoog van 18 naar 21 jaar.,Piratenpartij,-1
t28,De minimumleeftijd voor sekswerkIcon moet omhoog van 18 naar 21 jaar.,Vrij Verbond,-1
t29,"Nederland moet in een wet vastleggen dat uiterlijk in 2035 ten minste 3,5 procent van het bruto binnenlands productIcon aan defensie wordt uitgegeven.",PVV,1
t29,"Nederland moet in een wet vastleggen dat uiterlijk in 2035 ten minste 3,5 procent van het bruto binnenlands productIcon aan defensie wordt uitgegeven.",VVD,1
t29,"Nederland moet in een wet vastleggen dat uiterlijk in 2035 ten minste 3,5 procent van het bruto binnenlands productIcon aan defensie wordt uitgegeven.",NSC,1
t29,"Nederland moet in een wet vastleggen dat uiterlijk in 2035 ten minste 3,5 procent van het bruto binnenlands productIcon aan defensie wordt uitgegeven.",D66,1
t29,"Nederland moet in een wet vastleggen dat uiterlijk in 2035 ten minste 3,5 procent van het bruto binnenlands productIcon aan defensie wordt uitgegeven.",CDA,1
t29,"Nederland moet in een wet vastleggen dat uiterlijk in 2035 ten minste 3,5 procent van het bruto binnenlands productIcon aan defensie wordt uitgegeven.",ChristenUnie,1
t29,"Nederland moet in een wet vastleggen dat uiterlijk in 2035 ten minste 3,5 procent van het bruto binnenlands productIcon aan defensie wordt uitgegeven.",De Linie,1
t29,"Nederland moet in een wet vastleggen dat uiterlijk in 2035 ten minste 3,5 procent van het bruto binnenlands productIcon aan defensie wordt uitgegeven.",GroenLinks-PvdA,-1
t29,"Nederland moet in een wet vastleggen dat uiterlijk in 2035 ten minste 3,5 procent van het bruto binnenlands productIcon aan defensie wordt uitgegeven.",BBB,-1
t29,"Nederland moet in een wet vastleggen dat uiterlijk in 2035 ten minste 3,5 procent van het bruto binnenlands productIcon aan defensie wordt uitgegeven.",SP,-1
t29,"Nederland moet in een wet vastleggen dat uiterlijk in 2035 ten minste 3,5 procent van het bruto binnenlands productIcon aan defensie wordt uitgegeven.",DENK,-1
t29,"Nederland moet in een wet vastleggen dat uiterlijk in 2035 ten minste 3,5 procent van het bruto binnenlands productIcon aan defensie wordt uitgegeven.",Partij voor de Dieren,-1
t29,"Nederland moet in een wet vastleggen dat uiterlijk in 2035 ten minste 3,5 procent van het bruto binnenlands productIcon aan defensie wordt uitgegeven.",FvD,-1
t29,"Nederland moet in een wet vastleggen dat uiterlijk in 2035 ten minste 3,5 procent van het bruto binnenlands productIcon aan defensie wordt uitgegeven.",SGP,-1
t29,"Nederland moet in een wet vastleggen dat uiterlijk in 2035 ten minste 3,5 procent van het bruto binnenlands productIcon aan defensie wordt uitgegeven.",Volt,-1
t29,"Nederland moet in een wet vastleggen dat uiterlijk in 2035 ten minste 3,5 procent van het bruto binnenlands productIcon aan defensie wordt uitgegeven.",JA21,-1
t29,"Nederland moet in een wet vastleggen dat uiterlijk in 2035 ten minste 3,5 procent van het bruto binnenlands productIcon aan defensie wordt uitgegeven.",Vrede voor Dieren,-1
t29,"Nederland moet in een wet vastleggen dat uiterlijk in 2035 ten minste 3,5 procent van het bruto binnenlands productIcon aan defensie wordt uitgegeven.",BVNL,-1
t29,"Nederland moet in een wet vastleggen dat uiterlijk in 2035 ten minste 3,5 procent van het bruto binnenlands productIcon aan defensie wordt uitgegeven.",BIJ1,-1
t29,"Nederland moet in een wet vastleggen dat uiterlijk in 2035 ten minste 3,5 procent van het bruto binnenlands productIcon aan defensie wordt uitgegeven.",Libertaire Partij,-1
t29,"Nederland moet in een wet vastleggen dat uiterlijk in 2035 ten minste 3,5 procent van het bruto binnenlands productIcon aan defensie wordt uitgegeven.",50PLUS,-1
t29,"Nederland moet in een wet vastleggen dat uiterlijk in 2035 ten minste 3,5 procent van het bruto binnenlands productIcon aan defensie wordt uitgegeven.",Piratenpartij,-1
t29,"Nederland moet in een wet vastleggen dat uiterlijk in 2035 ten minste 3,5 procent van het bruto binnenlands productIcon aan defensie wordt uitgegeven.",FNP,-1
t29,"Nederland moet in een wet vastleggen dat uiterlijk in 2035 ten minste 3,5 procent van het bruto binnenlands productIcon aan defensie wordt uitgegeven.",Vrij Verbond,-1
t30,Er moeten meer kerncentralesIcon komen in Nederland.,PVV,1
t30,Er moeten meer kerncentralesIcon komen in Nederland.,VVD,1
t30,Er moeten meer kerncentralesIcon komen in Nederland.,NSC,1
t30,Er moeten meer kerncentralesIcon komen in Nederland.,D66,1
t30,Er moeten meer kerncentralesIcon komen in Nederland.,BBB,1
t30,Er moeten meer kerncentralesIcon komen in Nederland.,CDA,1
t30,Er moeten meer kerncentralesIcon komen in Nederland.,FvD,1
t30,Er moeten meer kerncentralesIcon komen in Nederland.,SGP,1
t30,Er moeten meer kerncentralesIcon komen in Nederland.,ChristenUnie,1
t30,Er moeten meer kerncentralesIcon komen in Nederland.,Volt,1
t30,Er moeten meer kerncentralesIcon komen in Nederland.,JA21,1
t30,Er moeten meer kerncentralesIcon komen in Nederland.,BVNL,1
t30,Er moeten meer kerncentralesIcon komen in Nederland.,Libertaire Partij,1
t30,Er moeten meer kerncentralesIcon komen in Nederland.,50PLUS,1
t30,Er moeten meer kerncentralesIcon komen in Nederland.,Vrij Verbond,1
t30,Er moeten meer kerncentralesIcon komen in Nederland.,De Linie,1
t30,Er moeten meer kerncentralesIcon komen in Nederland.,DENK,0
t30,Er moeten meer kerncentralesIcon komen in Nederland.,GroenLinks-PvdA,-1
t30,Er moeten meer kerncentralesIcon komen in Nederland.,SP,-1
t30,Er moeten meer kerncentralesIcon komen in Nederland.,Partij voor de Dieren,-1
t30,Er moeten meer kerncentralesIcon komen in Nederland.,Vrede voor Dieren,-1
t30,Er moeten meer kerncentralesIcon komen in Nederland.,BIJ1,-1
t30,Er moeten meer kerncentralesIcon komen in Nederland.,Piratenpartij,-1
t30,Er moeten meer kerncentralesIcon komen in Nederland.,FNP,-1
